{"94zuoXQLhD":{"DefaultLockStatus":true,"doors":[{"coords":{"z":33.71266174316406,"x":25.63434982299804,"y":-401.13189697265627},"model":352245821,"heading":340.0286865234375}],"jobs":{"lspd":true},"Label":"LSPD Cellule #6","lockStatus":true,"distance":2.0},"gjRdu5FNag":{"DefaultLockStatus":true,"doors":[{"coords":{"z":47.47743988037109,"x":71.0354232788086,"y":-410.35491943359377},"model":821473823,"heading":340.1800537109375}],"jobs":{"lspd":true},"Label":"LSPD bureau #7","lockStatus":true,"distance":2.0},"777SBpnovj":{"DefaultLockStatus":true,"doors":[{"coords":{"z":33.71266174316406,"x":31.20746231079101,"y":-408.9860229492188},"model":352245821,"heading":250.02862548828129}],"jobs":{"lspd":true},"Label":"LSPD Cellule #8","lockStatus":true,"distance":2.0},"Z7Z0AtlWak":{"DefaultLockStatus":true,"doors":[{"coords":{"z":47.47743988037109,"x":66.44649505615235,"y":-382.5844421386719},"model":821473823,"heading":69.97037506103516}],"jobs":{"lspd":true},"Label":"LSPD Bureau #7","lockStatus":true,"distance":2.0},"2VrzznDndk":{"DefaultLockStatus":true,"doors":[{"coords":{"z":41.79407119750976,"x":81.51725769042969,"y":-405.1329345703125},"model":821473823,"heading":340.229736328125}],"jobs":{"lspd":true},"Label":"LSPD Couloir #3","lockStatus":true,"distance":2.0},"Jjm2Ba9bMK":{"DefaultLockStatus":true,"doors":[{"coords":{"z":33.71197891235351,"x":24.26699066162109,"y":-422.3772583007813},"model":352245821,"heading":340.0286254882813}],"jobs":{"lspd":true},"Label":"LSPD Cellule #1","lockStatus":true,"distance":2.0},"poOohGp4RB":{"DefaultLockStatus":true,"doors":[{"coords":{"z":47.47743988037109,"x":61.79149627685547,"y":-395.3650817871094},"model":821473823,"heading":69.97037506103516}],"jobs":{"lspd":true},"Label":"LSPD Bureau #5","lockStatus":true,"distance":2.0},"kUQVmU2XSF":{"DefaultLockStatus":true,"doors":[{"coords":{"z":33.68959426879883,"x":41.0336685180664,"y":-410.6155090332031},"model":690057750,"heading":69.9631576538086}],"jobs":{"lspd":true},"Label":"LSPD Interogatoire #2","lockStatus":true,"distance":2.0},"KRAiVTDXF0":{"DefaultLockStatus":true,"doors":[{"coords":{"z":41.79407119750976,"x":78.42510986328125,"y":-396.1472473144531},"model":821473823,"heading":250.0000152587891},{"coords":{"z":41.79407119750976,"x":77.5370864868164,"y":-398.5870666503906},"model":821473823,"heading":69.99998474121094}],"jobs":{"lspd":true},"Label":"LSPD Halls #1","lockStatus":true,"distance":2.0},"2LmRBEiZ1i":{"DefaultLockStatus":true,"doors":[{"coords":{"z":47.47743988037109,"x":64.1562728881836,"y":-388.8666687011719},"model":821473823,"heading":69.97037506103516}],"jobs":{"lspd":true},"Label":"LSPD Bureau #6","lockStatus":true,"distance":2.0},"cR96lhjinZ":{"DefaultLockStatus":true,"doors":[{"coords":{"z":33.68959426879883,"x":38.37486267089844,"y":-417.9268798828125},"model":690057750,"heading":70.24639892578125}],"jobs":{"lspd":true},"Label":"LSPD Interogatoire #1","lockStatus":true,"distance":2.0},"9HicGNxLTY":{"DefaultLockStatus":true,"doors":[{"coords":{"z":31.65889930725097,"x":-323.8175964355469,"y":-1356.84130859375},"model":1427451548,"heading":270.0578308105469}],"jobs":[],"lockStatus":true,"Label":"Labs #1","distance":2.0,"pin":1234},"6iKxEjPOjG":{"DefaultLockStatus":true,"doors":[{"coords":{"z":42.50693130493164,"x":90.13418579101564,"y":-389.84039306640627},"model":821473823,"heading":339.630615234375},{"coords":{"z":42.50693130493164,"x":92.5790786743164,"y":-390.72711181640627},"model":821473823,"heading":159.82701110839845}],"jobs":{"lspd":true},"Label":"LSPD Entrée #1","lockStatus":true,"distance":3.0},"pY3hD5ZSaE":{"DefaultLockStatus":true,"doors":[{"coords":{"z":41.79407119750976,"x":65.78575134277344,"y":-394.3102111816406},"model":821473823,"heading":69.97270202636719},{"coords":{"z":41.79407119750976,"x":66.67383575439453,"y":-391.8702697753906},"model":821473823,"heading":250.07534790039066}],"jobs":{"lspd":true},"Label":"LSPD Couloir #9","lockStatus":true,"distance":2.0},"Wr5HdcMLjs":{"DefaultLockStatus":true,"doors":[{"coords":{"z":47.47743988037109,"x":77.48955535888672,"y":-394.1351013183594},"model":821473823,"heading":70.12574768066406}],"jobs":{"lspd":true},"Label":"LSPD IDK #1","lockStatus":true,"distance":2.0},"mQRZOB94D0":{"DefaultLockStatus":true,"doors":[{"coords":{"z":47.47743988037109,"x":66.41197967529297,"y":-416.0342102050781},"model":821473823,"heading":69.76891326904297}],"jobs":{"lspd":true},"Label":"LSPD bureau #8","lockStatus":true,"distance":2.0},"zG6RliH00T":{"DefaultLockStatus":true,"doors":[{"coords":{"z":33.71266174316406,"x":30.84070968627929,"y":-403.0238952636719},"model":352245821,"heading":340.0286865234375}],"jobs":{"lspd":true},"Label":"LSPD Cellule #7","lockStatus":true,"distance":2.0},"3MP2d6HxZm":{"DefaultLockStatus":true,"doors":[{"coords":{"z":47.47743988037109,"x":69.71621704101563,"y":-406.96630859375},"model":821473823,"heading":69.97037506103516}],"jobs":{"lspd":true},"Label":"LSPD bureau #9","lockStatus":true,"distance":2.0},"XrZ4Jyd3BX":{"DefaultLockStatus":true,"doors":[{"coords":{"z":41.79407119750976,"x":75.80135345458985,"y":-385.5287170410156},"model":821473823,"heading":340.0492858886719},{"coords":{"z":41.79407119750976,"x":78.24461364746094,"y":-386.4139099121094},"model":821473823,"heading":159.91571044921876}],"jobs":{"lspd":true},"Label":"LSPD Vestiaire #1","lockStatus":true,"distance":2.0},"A3CFJd0QdY":{"DefaultLockStatus":true,"doors":[{"coords":{"z":39.78453826904297,"x":40.71860122680664,"y":-434.7853088378906},"model":817128356,"heading":339.9481201171875}],"jobs":{"lspd":true},"Label":"LSPD Entrée #5","lockStatus":true,"distance":2.0},"4r0lP2S2qz":{"DefaultLockStatus":true,"doors":[{"coords":{"z":33.71266174316406,"x":29.2170295715332,"y":-414.463134765625},"model":352245821,"heading":250.02862548828129}],"jobs":{"lspd":true},"Label":"LSPD Cellule #9","lockStatus":true,"distance":2.0},"V1nH2B47du":{"DefaultLockStatus":true,"doors":[{"coords":{"z":33.71197891235351,"x":19.02468109130859,"y":-402.1963195800781},"model":352245821,"heading":70.02860260009766}],"jobs":{"lspd":true},"Label":"LSPD Cellule #5","lockStatus":true,"distance":2.0},"rPUCuQzCnl":{"DefaultLockStatus":true,"doors":[{"coords":{"z":47.47743988037109,"x":77.48955535888672,"y":-394.1351013183594},"model":821473823,"heading":69.97037506103516}],"jobs":{"lspd":true},"Label":"LSPD IDK #1","lockStatus":true,"distance":2.0},"NTzBflgEOx":{"DefaultLockStatus":true,"doors":[{"coords":{"z":47.47743988037109,"x":72.49146270751953,"y":-378.8623352050781},"model":821473823,"heading":250.00177001953129}],"jobs":{"lspd":true},"lockStatus":true,"Label":"LSPD Bureau #8","distance":2.0,"pin":1234},"lkrq10cuB4":{"DefaultLockStatus":true,"doors":[{"coords":{"z":55.47611999511719,"x":81.73997497558594,"y":-414.1490783691406},"model":817128356,"heading":160.02899169921876}],"jobs":{"lspd":true},"Label":"LSPD Roof","lockStatus":true,"distance":2.0},"dUMfdwRLxa":{"DefaultLockStatus":true,"doors":[{"coords":{"z":47.47743988037109,"x":85.88956451416016,"y":-397.98492431640627},"model":821473823,"heading":340.1800537109375}],"jobs":{"lspd":true},"Label":"LSPD Bureau #4","lockStatus":true,"distance":2.0},"wDLwg3Pp9j":{"DefaultLockStatus":true,"doors":[{"coords":{"z":39.31002044677734,"x":77.30892181396485,"y":-435.9421081542969},"model":1798416020,"heading":250.0122985839844},{"coords":{"z":39.31002044677734,"x":76.42288208007813,"y":-438.3904724121094},"model":1798416020,"heading":70.01229095458985}],"jobs":{"lspd":true},"Label":"LSPD Entrée #3","lockStatus":true,"distance":2.0},"4w259Ra5Zo":{"DefaultLockStatus":true,"doors":[{"coords":{"z":42.5078125,"x":61.87552642822265,"y":-388.3251953125},"model":821473823,"heading":70.54991149902344},{"coords":{"z":42.5078125,"x":62.76261138916015,"y":-385.8796081542969},"model":821473823,"heading":249.99996948242188}],"jobs":{"lspd":true},"Label":"LSPD Entrée #2","lockStatus":true,"distance":2.0},"iNFoxmdUAh":{"DefaultLockStatus":true,"doors":[{"coords":{"z":41.79407119750976,